[
  {
    "id": "ed952f0b-f892-42ac-a7fb-0bb5114833cd",
    "data": [
      {
        "text": "12345678-9",
        "meta": "@RUT",
        "alias": "rutReemplazado",
        "userDefined": true
      }
    ],
    "isTemplate": false,
    "count": 0,
    "lang": "es",
    "updated": 0
  },
  {
    "id": "69fe9f61-df67-4274-99db-36cf0b2cf42e",
    "data": [
      {
        "text": "Mi",
        "meta": "@sys.ignore",
        "userDefined": false
      },
      {
        "text": " ",
        "userDefined": false
      },
      {
        "text": "RUT",
        "meta": "@sys.ignore",
        "userDefined": false
      },
      {
        "text": " es ",
        "userDefined": false
      },
      {
        "text": "12345678-9",
        "meta": "@RUT",
        "alias": "rutReemplazado",
        "userDefined": true
      }
    ],
    "isTemplate": false,
    "count": 0,
    "lang": "es",
    "updated": 0
  }
]