[
  {
    "id": "a3b53eb5-40ea-4abd-94d8-ced3a28773c0",
    "data": [
      {
        "text": "Quiero modificar ",
        "userDefined": false
      },
      {
        "text": "una",
        "meta": "@sys.ignore",
        "userDefined": false
      },
      {
        "text": " cuenta ",
        "userDefined": false
      },
      {
        "text": "sap",
        "meta": "@sys.ignore",
        "userDefined": false
      }
    ],
    "isTemplate": false,
    "count": 0,
    "lang": "es",
    "updated": 0
  },
  {
    "id": "2bdadbff-5ff6-4791-8292-2f4c7d613066",
    "data": [
      {
        "text": "Modificar cuenta ",
        "userDefined": false
      },
      {
        "text": "Sap",
        "meta": "@sys.ignore",
        "userDefined": false
      }
    ],
    "isTemplate": false,
    "count": 0,
    "lang": "es",
    "updated": 0
  },
  {
    "id": "3618d980-5d1f-4bcb-8629-482552feae69",
    "data": [
      {
        "text": "Quiero modificar ",
        "userDefined": false
      },
      {
        "text": "una",
        "meta": "@sys.ignore",
        "userDefined": false
      },
      {
        "text": " cuenta de ",
        "userDefined": false
      },
      {
        "text": "Sap",
        "meta": "@sys.ignore",
        "userDefined": false
      }
    ],
    "isTemplate": false,
    "count": 0,
    "lang": "es",
    "updated": 0
  },
  {
    "id": "eb75dd50-73c1-4ba3-9b1f-144cdffb2ded",
    "data": [
      {
        "text": "Modificar cuenta",
        "userDefined": false
      }
    ],
    "isTemplate": false,
    "count": 0,
    "lang": "es",
    "updated": 0
  }
]