[
  {
    "id": "925bb075-e9d6-45fa-b0ee-e6e720d64259",
    "data": [
      {
        "text": "12345678-9",
        "meta": "@RUT",
        "alias": "rutSolicitante",
        "userDefined": true
      }
    ],
    "isTemplate": false,
    "count": 0,
    "lang": "es",
    "updated": 0
  },
  {
    "id": "52a11e88-d396-42a5-b9f5-26d0a9b7a9b1",
    "data": [
      {
        "text": "Mi Rut es ",
        "userDefined": false
      },
      {
        "text": "12345678-9",
        "meta": "@RUT",
        "alias": "rutSolicitante",
        "userDefined": true
      }
    ],
    "isTemplate": false,
    "count": 0,
    "lang": "es",
    "updated": 0
  }
]