[
  {
    "id": "9a05d80e-62c9-4e9f-943d-bc5dec27fcb5",
    "data": [
      {
        "text": "15032585-4",
        "meta": "@RUT",
        "alias": "rut",
        "userDefined": true
      }
    ],
    "isTemplate": false,
    "count": 0,
    "lang": "es",
    "updated": 0
  },
  {
    "id": "23d96bf4-a68e-4a69-8578-562d819a769d",
    "data": [
      {
        "text": "Mi número de RUT es ",
        "userDefined": false
      },
      {
        "text": "12345678-9",
        "meta": "@RUT",
        "alias": "rut",
        "userDefined": true
      }
    ],
    "isTemplate": false,
    "count": 0,
    "lang": "es",
    "updated": 0
  }
]