[
  {
    "id": "4d01ae0d-cf12-4780-8434-218f1a700a4e",
    "data": [
      {
        "text": "Asignación Transacción",
        "userDefined": false
      }
    ],
    "isTemplate": false,
    "count": 0,
    "lang": "es",
    "updated": 0
  },
  {
    "id": "fc06f1c0-3914-427d-96d8-bd0fd2bd393c",
    "data": [
      {
        "text": "Asignacion",
        "meta": "@sys.ignore",
        "userDefined": true
      },
      {
        "text": " Transaccion",
        "userDefined": false
      }
    ],
    "isTemplate": false,
    "count": 0,
    "lang": "es",
    "updated": 0
  }
]