[
  {
    "id": "b572daf1-7e7d-4f5d-a3ad-ee92551c0897",
    "data": [
      {
        "text": "El Rut es ",
        "userDefined": false
      },
      {
        "text": "12345678-9",
        "meta": "@RUT",
        "alias": "rutSolicitante",
        "userDefined": true
      }
    ],
    "isTemplate": false,
    "count": 0,
    "lang": "es",
    "updated": 0
  },
  {
    "id": "7b4aa3c4-1141-4bb9-bb48-cf19d21cdd93",
    "data": [
      {
        "text": "12345678-9",
        "meta": "@RUT",
        "alias": "rutSolicitante",
        "userDefined": true
      }
    ],
    "isTemplate": false,
    "count": 0,
    "lang": "es",
    "updated": 0
  }
]